driverId,name,ssn,location,certified,wage-plan
10,Deanna Mccormick,232-45-1821,"3975 Knapp Harbors
Port Jenniferchester, OK 52553",Y,hours
11,Latasha Lopez,868-47-8063,"6619 Rebecca Mountain
Kelseystad, IL 78725",N,miles
12,Sean Meadows,199-22-6112,"800 Carter Groves
East Bradley, FL 89902",Y,miles
13,Kevin Graves,301-89-6402,"052 Lisa Creek Apt. 766
Johnsonfort, AR 94605",N,hours
14,James Austin,459-42-6117,"PSC 0051, Box 3184
APO AE 70144",N,hours
15,Jennifer White,027-11-1218,"059 Alvarez Freeway
Adamsmouth, FL 05952",Y,miles
16,Jessica King,286-97-9320,"696 Janet Mews Suite 937
North Sandra, WI 68678",N,hours
17,Darrell Osborne,275-36-9833,"274 Anna Forest
Lake Jennifershire, MD 00564",N,miles
18,James Jennings,112-64-8713,"90951 Patton Court Apt. 971
South Stephanieton, DC 03575",Y,miles
19,Sherry Orr,301-55-6054,"01894 Samuel Ville Apt. 569
South Sandramouth, RI 71324",N,miles
20,William Thomas,090-39-3487,"768 Joanna Land
Port Gail, FM 72243",Y,hours
21,Rachel Reynolds,799-42-6611,"9141 Zimmerman Mountain Suite 359
Lake Matthewfurt, GU 04317",N,hours
22,Amber Turner,894-10-8809,"27579 Paula Stream
Amandaberg, TX 31587",N,miles
23,Cheryl Knight,019-99-2676,"041 Thompson Curve
West Kathrynborough, PA 18827",Y,miles
24,Mrs. Christina Simmons,897-79-0315,"42025 Scott Brooks Suite 726
Port Haroldhaven, MP 53429",Y,miles
25,Timothy Ruiz,595-85-0032,"366 Smith Causeway Suite 179
Smithfort, ID 53023",Y,miles
26,Andrea Mendez,275-72-3712,"688 Garcia Passage
South Dominique, RI 05585",Y,hours
27,Stephanie Gutierrez,326-01-7776,"958 Duane Cape Apt. 034
West Phillip, WI 91218",Y,hours
28,Ernest Le,074-91-6373,"10219 James Tunnel
Whitebury, TN 41923",Y,miles
29,Jose Blanchard,321-10-9849,"3589 Jessica Glens
West Steven, NC 04875",N,hours
30,Kathryn Herrera,329-80-6082,"6430 Dustin Trail
Bruceville, AK 05420",N,hours
31,Charles Peterson,078-28-6602,"4103 Barbara Points Apt. 392
Toddfort, OH 62984",N,miles
32,Gary Chandler,861-56-7839,"0444 Jennifer Flat Suite 895
Lake Richardburgh, AL 24342",Y,hours
33,Caitlin Richardson,077-71-7810,"09589 Robinson Centers
Gutierrezview, MI 59120",Y,miles
34,Bryan Davis,290-40-6863,"2301 Cole Green Suite 988
Garciastad, OR 29428",Y,hours
35,Shane Ward,674-41-8658,"3117 White Track Suite 252
Meyersview, ME 50869",Y,miles
36,Andrea Scott,738-19-0749,"USNV Strong
FPO AE 56634",Y,miles
37,Teresa Williams,214-62-0521,"8298 Reyes Inlet Suite 087
East Kellyton, NV 71377",N,hours
38,Alexandria Fletcher,601-57-7209,"87886 Tamara Plains
West Jessica, FL 86042",N,hours
39,Sherry Braun,838-01-5812,"90962 Cox Shoals Suite 449
West Joanna, ME 74103",Y,hours
40,Gregg Braun,031-76-7957,"23470 Paige Well
West Abigail, WY 14337",N,miles
41,Michael Ramirez,263-69-0397,"1060 Smith Shoal
South Erikfurt, DC 87933",N,hours
42,Diane Gutierrez,478-62-1768,"587 Amanda Divide Suite 613
New Johnmouth, FL 97988",N,miles
43,Robert Lopez,586-90-0256,"062 Morris Camp
Lake Laurenshire, IL 65152",N,hours
44,Robert Yu,281-40-8095,"0001 Becker Land Suite 434
Jasonville, OH 84534",N,hours
45,Robert Maxwell,524-11-7173,"4015 Fox Forge
West Loriview, NE 77431",N,miles
46,Andre Hale,120-83-5202,"Unit 8388 Box 8481
DPO AE 31581",N,hours
47,Amanda Mccoy,663-44-5339,"0364 Russell Trail Suite 665
Shannonburgh, NM 78891",Y,hours
48,Victor Rhodes,648-76-2129,"59722 Kirsten Avenue Apt. 864
Tammyborough, ND 31867",N,hours
49,Danny Osborne,465-20-9830,"Unit 7180 Box 3251
DPO AP 98321",Y,miles
50,Debra Dyer,100-54-0723,"578 Church Street Suite 923
Kylefurt, AZ 62778",N,hours
51,Heather Smith,063-93-2390,"75200 Judith Mews
Angelaside, MO 83870",Y,miles
52,Deanna Morgan,192-92-2650,"3984 Christopher Drives Suite 417
Owensside, CA 41809",N,miles
53,Samantha Hughes,141-38-8577,"69371 Moran Island Suite 823
Nguyenmouth, AR 92558",Y,miles
54,Elizabeth Ward,262-97-6109,"29443 Jose Court
Davidchester, TN 73462",Y,miles
55,Nicholas Morris,244-20-2666,"PSC 2700, Box 8835
APO AA 19131",Y,miles
56,Craig Ward,160-06-3659,"665 Michael Freeway Suite 945
Crystalfort, AK 82600",Y,miles
57,Brandon Newman,471-23-5410,"39983 Wyatt Unions Suite 499
New Jade, GU 80188",Y,hours
58,Cheryl Moses,648-44-1396,"761 Michael Port
Hollytown, OK 42684",N,miles
59,Miranda Watson,037-07-3194,"5142 Virginia Oval
New Chadshire, FL 21558",N,miles
60,Andrew Raymond,337-95-2690,"Unit 7609 Box 7454
DPO AA 23861",N,miles
61,Mary Garrison,425-18-7131,"756 Petersen Turnpike
West Laurashire, OK 45356",N,hours
62,Angela Reilly,247-35-4343,"05217 Nicholas Camp
Jessicaton, GU 74717",Y,miles
63,Jamie Harrington,182-34-7557,"141 Soto Ford
New Victoriachester, RI 12261",Y,miles
64,Yvonne Ruiz,563-21-5911,"0854 Sandra Island
Wellschester, UT 42598",N,miles
65,Anne Kennedy,813-50-2821,"956 Collins Mount
Lake Shawna, NH 33097",Y,hours
66,Gregory Bennett,252-89-1906,"726 John Drives
West Ricardoland, FM 91427",N,hours
67,Patrick Webb,735-13-0346,"4729 Campbell Underpass Apt. 907
Berryburgh, AL 05201",N,miles
68,Jared Jennings MD,854-22-2230,"841 Glover Stream
Clarkville, KY 46430",N,hours
69,Mark Moore,622-47-8843,"4572 Clay Lake
West Brandy, OH 45721",Y,hours
70,Kristin Miller,135-03-4834,"7636 Kristin Hills Apt. 400
Singhside, VI 99873",N,miles
71,Mrs. Emily Powell,231-69-2644,"854 Juan Shoals Suite 858
Kellyview, NJ 36264",N,hours
72,Brian Marks,635-64-3329,"719 Jennifer Forks Apt. 183
Rosstown, PA 50087",Y,hours
73,Miguel Moses,874-03-9570,"574 David Hills Suite 609
Codyport, AZ 27626",N,hours
74,Leslie King,756-39-1289,"0346 Powers Island
Ashleychester, ND 54338",Y,hours
75,Bruce Hall,008-25-6196,"027 Ferguson Drive
Noahborough, MH 77563",N,miles
76,Autumn Pugh,345-68-6375,"8282 Ashley Crossroad Suite 438
Seanfurt, ND 93200",Y,miles
77,Peggy Murphy,142-70-9569,"20404 Moon Lights Suite 367
Port Amber, NV 55795",Y,miles
78,Nicole Gilbert,814-10-3478,"1897 Aguilar Points
New Caseyfurt, MN 46313",Y,hours
79,Shannon Palmer,296-95-4104,"USS Turner
FPO AE 62035",Y,hours
80,James Larsen PhD,337-71-1798,"477 Melissa Mountain
Aprilside, WY 88183",Y,miles
81,Renee Monroe,081-64-1039,"37982 Joshua Stravenue
New Deborahburgh, FL 99546",N,miles
82,James Perry,316-13-6717,"5920 Nixon Lock
Christophertown, AR 75345",N,hours
83,Michael Keller,600-87-5798,"89606 Park Orchard
South Andrew, CT 61608",Y,miles
84,Kimberly Thomas,008-62-4329,"15620 Wallace Island Apt. 871
North Ian, NH 17099",N,hours
85,Dale Evans,566-98-2807,"7087 Adams Meadows Suite 760
New Robertport, MN 81133",N,miles
86,Kelly Parrish,426-55-5765,"59234 Patrick Well Suite 018
Gibbsbury, CA 18709",N,hours
87,Anita Garrett,809-39-9549,"604 Hays Groves
Rushview, VA 07805",N,miles
88,Matthew Barker,083-71-5812,"38376 Tony Passage
North Jessica, DE 90957",N,miles
89,Eric Coleman,708-65-6983,"291 Oliver Field
South Whitney, PA 29144",Y,miles
90,Jennifer Parker,410-11-7340,"819 Bridget Island Apt. 411
Sandersview, DE 98837",Y,hours
91,Daniel Rogers,135-67-3862,"5276 Fitzpatrick Fords
Valenciabury, FL 20792",Y,miles
92,Valerie Baird,004-14-2050,"53350 Clay Forges
South Michael, AK 26242",N,hours
93,Debbie Hatfield,824-05-0947,"434 Alexander Alley
Bairdland, AS 56765",N,hours
94,Emily Bradley,328-19-8505,"5566 Sarah Fork Suite 165
Lake Julian, IN 43282",Y,hours
95,John Thompson,673-64-4664,"2443 Matthew Shores
Bryantfurt, IN 91532",Y,miles
96,Erica Barnett,016-16-8833,"013 Rodriguez Crescent Apt. 653
Tylermouth, MH 19114",N,hours
97,Ruben Harris Jr.,376-39-0123,"6813 Allen Prairie Suite 372
Port Vincentton, TN 81791",Y,miles
98,Miranda Soto,320-20-0984,"00177 Mccormick Curve Apt. 626
North Christine, NV 77424",Y,hours
99,James Taylor,264-78-6574,"2607 Contreras Flats
Robertborough, PW 31727",Y,miles
100,Timothy Salinas,011-21-8581,"3832 Lopez Mission
North Ryanton, FL 88445",Y,hours
101,Tammy Sexton,890-49-1658,"589 Harvey Glen
East Keithton, OR 72293",N,miles
102,Robert Deleon,346-45-6665,"55911 Mccarthy Avenue Apt. 199
Brandonton, PW 91785",Y,hours
103,Ashlee Diaz,807-49-2840,"3374 Wright Cliff
Julieton, OK 16922",Y,miles
104,Katelyn Hill,661-31-1081,"096 Carolyn Crossroad Apt. 533
East Lisaburgh, PW 29258",N,hours
105,Jose Fernandez,840-56-4285,"565 April Lake
West Stacy, CO 32032",N,miles
106,Michael Lopez,210-30-0929,"2104 Grant Mountains
Lake Michael, MN 31337",N,miles
107,Natasha Soto,302-44-0519,"392 Kenneth Ville
New Pamelaborough, IN 42447",N,miles
108,Kenneth Welch,747-36-8180,"4230 Jodi Passage
Dustintown, AS 68712",N,hours
109,Seth Frederick,702-25-1721,"67607 Jeffrey Isle
Port David, NE 00778",N,miles
